mae,mse,rmse,r2,keras_backend,file,model,horizon_hours,seq_len,tmax,val_start,test_start,n_train_split,n_val_split,n_test_split,mae_top_decile,rmse_top_decile
13.41949462890625,353.6622619628906,18.805910293386244,0.15009045600891113,tensorflow,sequences_h168_L168.npz,lstm,168,168,2026-02-15 23:00:00,2026-01-04 23:00:00,2026-01-18 23:00:00,12979,1367,3454,33.0992431640625,42.70053790644797
13.666879653930664,377.5005187988281,19.429372578619933,0.09280318021774292,tensorflow,sequences_h168_L168.npz,lstm_mha,168,168,2026-02-15 23:00:00,2026-01-04 23:00:00,2026-01-18 23:00:00,12979,1367,3454,34.881778717041016,44.171448032513744
11.780562400817871,325.896240234375,18.052596495639484,0.1646706461906433,tensorflow,sequences_h24_L168.npz,lstm,24,168,2026-02-15 23:00:00,2026-01-04 23:00:00,2026-01-18 23:00:00,14379,1016,3807,36.79530715942383,45.262874226048936
11.703178405761719,304.1719970703125,17.440527430967002,0.22035372257232666,tensorflow,sequences_h24_L168.npz,lstm_mha,24,168,2026-02-15 23:00:00,2026-01-04 23:00:00,2026-01-18 23:00:00,14379,1016,3807,31.87257957458496,41.509243958236276
14.455436706542969,424.8638916015625,20.612226750197625,0.13496971130371094,tensorflow,sequences_h336_L336.npz,lstm,336,336,2026-02-15 23:00:00,2026-01-04 23:00:00,2026-01-18 23:00:00,10133,1827,2393,30.554126739501953,44.069803528128105
16.289113998413086,497.957275390625,22.3149563161263,-0.013849735260009766,tensorflow,sequences_h336_L336.npz,lstm_mha,336,336,2026-02-15 23:00:00,2026-01-04 23:00:00,2026-01-18 23:00:00,10133,1827,2393,37.253231048583984,48.41074361808802
14.145868301391602,420.9208984375,20.516356850998182,-0.12185990810394287,tensorflow,sequences_h672_L336.npz,lstm,672,336,2026-02-15 23:00:00,2026-01-04 23:00:00,2026-01-18 23:00:00,7778,1827,2901,41.17364501953125,50.01179792449602
13.478446006774902,422.5917663574219,20.557036906067516,-0.1263132095336914,tensorflow,sequences_h672_L336.npz,lstm_mha,672,336,2026-02-15 23:00:00,2026-01-04 23:00:00,2026-01-18 23:00:00,7778,1827,2901,45.736289978027344,53.81923683875729
